Account,Day,Campaign,Ad group,Ad group state,Clicks,Impressions,CTR,Avg. CPC,Cost
Total, --, --, --, --,39455,794928,4.96%,0.43,"16,770.95"
USA_HKD_006_P_A_SC_ENZ_SEA_000,2016-08ff-12,USA_EN_03_P_OccasionsGifts_LTG000_oo_oo_S_A#11,LONG35_1,enabled,19,875,2.1.7%,0.42,8.04
USA_HKD_006_P_A_SC_ENZ_SEA_000,2016-08-12,USA_EN_03_P_SportsFitness_LTG000_oo_oo_S_A#11,LONG25_1,enabled,10,817,1.22%,0.23,2.30
USA_HKD_006_P_A_SC_ENZ_SEA_000,2016-08-12,USA_EN_03_P_SportsFitness_LTG000_oo_oo_S_A#11,LONG25_2,enabled,13,636,2.04%,0.34,4.48
USA_HKD_006_P_A_SC_ENZ_SEA_000,2016-08-12,USA_EN_03_P_SportsFitness_LTG000_oo_oo_S_A#11,LONG25_3,enabled,29,1024,2.83%,0.33,9.66
USA_HKD_006_P_A_SC_ENZ_SEA_000,2016-08-12,USA_EN_03_P_SportsFitness_LTG000_oo_oo_S_A#11,LONG35_1,enabled,422,6697,6.30%,0.26,108.60
USA_HKD_006_P_A_SC_ENZ_SEA_000,2016-08-12,USA_EN_03_P_SportsFitness_LTG000_oo_oo_S_A#11,LONG35_2,enabled,79,1032,7.66%,0.27,21.05
USA_HKD_006_P_A_SC_ENZ_SEA_000,2016-08-12,USA_EN_03_P_TravelTourism_LTG000_oo_oo_S_A#9,LONG25_1,enabled,59,2128,2.77%,0.48,28.13
USA_HKD_006_P_A_SC_ENZ_SEA_000,2016-08-12,USA_EN_03_P_TravelTourism_LTG000_oo_oo_S_A#9,LONG35_1,enabled,81,1741,4.65%,0.58,47.19
USA_HKD_006_P_A_SC_ENZ_SEA_000,2016-08-12,USA_EN_03_P_TravelTourism_LTG000_oo_oo_S_A#9,LONG35_2,enabled,162,3852,4.21%,0.57,91.60
USA_HKD_006_P_A_SC_ENZ_SEA_000,2016-08-12,USA_EN_03_P_Vehicles_LTG000_oo_oo_S_A#10,LONG25_2,enabled,23,1073,2.14%,0.42,9.76
USA_HKD_006_P_A_SC_ENZ_SEA_000,2016-08-12,USA_EN_03_P_Vehicles_LTG000_oo_oo_S_A#10,LONG25_3,enabled,35,1478,2.37%,0.42,14.86
USA_HKD_006_P_A_SC_ENZ_SEA_000,2016-08-12,USA_EN_03_P_Vehicles_LTG000_oo_oo_S_A#10,LONG35_3,enabled,57,1078,5.29%,0.41,23.42
USA_HKD_006_P_A_SC_ENZ_SEA_000,2016-08-12,USA_EN_03_P_Apparel_LTG000_oo_oo_S_A#11,LONG35_4,enabled,1,26,3.85%,0.63,0.63
USA_HKD_006_P_A_SC_ENZ_SEA_000,2016-08-12,USA_EN_03_P_BusinessIndustrial_LTG000_oo_oo_S_A#1,LONG35_3,enabled,78,1917,4.07%,0.40,30.95
USA_HKD_006_P_A_SC_ENZ_SEA_000,2016-08-12,USA_EN_03_P_ComputersConsumerElectronics_LTG000_oo_oo_S_A#11,LONG35_1,enabled,23,702,3.28%,0.39,8.91
USA_HKD_006_P_A_SC_ENZ_SEA_000,2016-08-12,USA_EN_03_P_ComputersConsumerElectronics_LTG000_oo_oo_S_A#11,LONG35_2,enabled,22,675,3.26%,0.38,8.47
USA_HKD_006_P_A_SC_ENZ_SEA_000,2016-08-12,USA_EN_03_P_Finance_LTG000_oo_oo_S_A#2,LONG35_1,enabled,470,5489,8.56%,0.47,222.99
USA_HKD_006_P_A_SC_ENZ_SEA_000,2016-08-12,USA_EN_03_P_Health_LTG000_oo_oo_S_A#3,LONG35_1,enabled,542,8087,6.70%,0.58,312.44
USA_HKD_006_P_A_SC_ENZ_SEA_000,2016-08-12,USA_EN_03_P_Health_LTG000_oo_oo_S_A#3,LONG35_2,enabled,617,8241,7.49%,0.46,283.31
USA_HKD_006_P_A_SC_ENZ_SEA_000,2016-08-12,USA_EN_03_P_JobsEducation_LTG000_oo_oo_S_A#6,LONG35_1,enabled,94,2884,3.26%,0.37,35.07
USA_HKD_006_P_A_SC_ENZ_SEA_000,2016-08-12,USA_EN_03_P_LawGovernment_LTG000_oo_oo_S_A#11,LONG35_1,enabled,435,7277,5.98%,0.38,164.70
USA_HKD_006_P_A_SC_ENZ_SEA_000,2016-08-12,USA_EN_04_P_Apparel_LTG000_oo_oo_S_A#11,LONG25_2,enabled,5,177,2.82%,0.32,1.59
USA_HKD_006_P_A_SC_ENZ_SEA_000,2016-08-12,USA_EN_04_P_Apparel_LTG000_oo_oo_S_A#11,LONG25_6,enabled,1,183,0.55%,0.24,0.24
USA_HKD_006_P_A_SC_ENZ_SEA_000,2016-08-12,USA_EN_04_P_Apparel_LTG000_oo_oo_S_A#11,LONG35_2,enabled,10,340,2.94%,0.39,3.94
USA_HKD_006_P_A_SC_ENZ_SEA_000,2016-08-12,USA_EN_04_P_Apparel_LTG000_oo_oo_S_A#11,LONG35_3,enabled,9,411,2.19%,0.29,2.62
USA_HKD_006_P_A_SC_ENZ_SEA_000,2016-08-12,USA_EN_04_P_BusinessIndustrial_LTG000_oo_oo_S_A#1,LONG25_4,enabled,36,1480,2.43%,0.45,16.03
USA_HKD_006_P_A_SC_ENZ_SEA_000,2016-08-12,USA_EN_04_P_BusinessIndustrial_LTG000_oo_oo_S_A#1,LONG35_1,enabled,162,3720,4.35%,0.42,67.93
USA_HKD_006_P_A_SC_ENZ_SEA_000,2016-08-12,USA_EN_04_P_BusinessIndustrial_LTG000_oo_oo_S_A#1,LONG35_3,enabled,110,2967,3.71%,0.42,46.01
USA_HKD_006_P_A_SC_ENZ_SEA_000,2016-08-12,USA_EN_04_P_ComputersConsumerElectronics_LTG000_oo_oo_S_A#11,LONG25_3,enabled,3,311,0.96%,0.27,0.82
USA_HKD_006_P_A_SC_ENZ_SEA_000,2016-08-12,USA_EN_04_P_ComputersConsumerElectronics_LTG000_oo_oo_S_A#11,LONG25_4,enabled,3,463,0.65%,0.15,0.45
USA_HKD_006_P_A_SC_ENZ_SEA_000,2016-08-12,USA_EN_04_P_Finance_LTG000_oo_oo_S_A#2,LONG25_1,enabled,75,2194,3.42%,0.33,24.82
USA_HKD_006_P_A_SC_ENZ_SEA_000,2016-08-12,USA_EN_04_P_FoodGroceries_LTG000_oo_oo_S_A#11,LONG25_1,enabled,18,1006,1.79%,0.27,4.79
USA_HKD_006_P_A_SC_ENZ_SEA_000,2016-08-12,USA_EN_04_P_FoodGroceries_LTG000_oo_oo_S_A#11,LONG25_2,enabled,15,668,2.25%,0.31,4.72
USA_HKD_006_P_A_SC_ENZ_SEA_000,2016-08-12,USA_EN_04_P_FoodGroceries_LTG000_oo_oo_S_A#11,LONG35_1,enabled,129,3174,4.06%,0.43,55.99
USA_HKD_006_P_A_SC_ENZ_SEA_000,2016-08-12,USA_EN_04_P_Health_LTG000_oo_oo_S_A#3,LONG25_1,enabled,40,1782,2.24%,0.45,18.09
USA_HKD_006_P_A_SC_ENZ_SEA_000,2016-08-12,USA_EN_04_P_Health_LTG000_oo_oo_S_A#3,LONG35_1,enabled,1210,17014,7.11%,0.54,647.75
USA_HKD_006_P_A_SC_ENZ_SEA_000,2016-08-12,USA_EN_04_P_HobbiesLeisure_LTG000_oo_oo_S_A#4,LONG25_4,enabled,106,3188,3.32%,0.44,46.23
USA_HKD_006_P_A_SC_ENZ_SEA_000,2016-08-12,USA_EN_04_P_HobbiesLeisure_LTG000_oo_oo_S_A#4,LONG35_1,enabled,559,14579,3.83%,0.49,276.66
USA_HKD_006_P_A_SC_ENZ_SEA_000,2016-08-12,USA_EN_04_P_HomeGarden_LTG000_oo_oo_S_A#5,LONG25_3,enabled,42,973,4.32%,0.45,19.03
USA_HKD_006_P_A_SC_ENZ_SEA_000,2016-08-12,USA_EN_04_P_HomeGarden_LTG000_oo_oo_S_A#5,LONG25_6,enabled,15,747,2.01%,0.52,7.77
USA_HKD_006_P_A_SC_ENZ_SEA_000,2016-08-12,USA_EN_04_P_HomeGarden_LTG000_oo_oo_S_A#5,LONG25_7,enabled,2,73,2.74%,0.28,0.55
USA_HKD_006_P_A_SC_ENZ_SEA_000,2016-08-12,USA_EN_04_P_HomeGarden_LTG000_oo_oo_S_A#5,LONG35_4,enabled,18,493,3.65%,0.57,10.28
USA_HKD_006_P_A_SC_ENZ_SEA_000,2016-08-12,USA_EN_04_P_InternetTelecom_LTG000_oo_oo_S_A#11,LONG35_1,enabled,95,2087,4.55%,0.36,33.75
USA_HKD_006_P_A_SC_ENZ_SEA_000,2016-08-12,USA_EN_04_P_JobsEducation_LTG000_oo_oo_S_A#6,LONG25_1,enabled,64,1414,4.53%,0.35,22.28
USA_HKD_006_P_A_SC_ENZ_SEA_000,2016-08-12,USA_EN_04_P_JobsEducation_LTG000_oo_oo_S_A#6,LONG25_2,enabled,71,1273,5.58%,0.27,19.41
USA_HKD_006_P_A_SC_ENZ_SEA_000,2016-08-12,USA_EN_04_P_RealEstate_LTG000_oo_oo_S_A#11,LONG25_2,enabled,4,186,2.15%,0.24,0.96
USA_HKD_006_P_A_SC_ENZ_SEA_000,2016-08-12,USA_EN_04_P_RealEstate_LTG000_oo_oo_S_A#11,LONG35_3,enabled,2,36,5.56%,0.32,0.63
USA_HKD_006_P_A_SC_ENZ_SEA_000,2016-08-12,USA_EN_04_P_SportsFitness_LTG000_oo_oo_S_A#11,LONG35_2,enabled,53,938,5.65%,0.35,18.34
USA_HKD_006_P_A_SC_ENZ_SEA_000,2016-08-12,USA_EN_04_P_TravelTourism_LTG000_oo_oo_S_A#9,LONG25_1,enabled,36,1335,2.70%,0.52,18.54
USA_HKD_006_P_A_SC_ENZ_SEA_000,2016-08-12,USA_EN_04_P_Vehicles_LTG000_oo_oo_S_A#10,LONG35_1,enabled,49,1008,4.86%,0.42,20.78
USA_HKD_006_P_A_SC_ENZ_SEA_000,2016-08-12,USA_EN_04_P_Vehicles_LTG000_oo_oo_S_A#10,LONG35_3,enabled,44,1088,4.04%,0.54,23.58
USA_HKD_006_P_A_SC_ENZ_SEA_000,2016-08-12,USA_EN_05_P_Apparel_LTG000_oo_oo_S_A#11,LONG25_4,enabled,1,116,0.86%,0.16,0.16
USA_HKD_006_P_A_SC_ENZ_SEA_000,2016-08-12,USA_EN_05_P_Apparel_LTG000_oo_oo_S_A#11,LONG25_7,enabled,3,181,1.66%,0.21,0.64
USA_HKD_006_P_A_SC_ENZ_SEA_000,2016-08-12,USA_EN_05_P_Apparel_LTG000_oo_oo_S_A#11,LONG35_3,enabled,6,395,1.52%,0.38,2.29
USA_HKD_006_P_A_SC_ENZ_SEA_000,2016-08-12,USA_EN_05_P_BeautyPersonalCare_LTG000_oo_oo_S_A#11,LONG25_1,enabled,5,387,1.29%,0.19,0.93
USA_HKD_006_P_A_SC_ENZ_SEA_000,2016-08-12,USA_EN_05_P_BeautyPersonalCare_LTG000_oo_oo_S_A#11,LONG25_2,enabled,2,221,0.90%,0.16,0.32
USA_HKD_006_P_A_SC_ENZ_SEA_000,2016-08-12,USA_EN_05_P_BusinessIndustrial_LTG000_oo_oo_S_A#1,LONG25_3,enabled,34,1613,2.11%,0.36,12.30
USA_HKD_006_P_A_SC_ENZ_SEA_000,2016-08-12,USA_EN_05_P_BusinessIndustrial_LTG000_oo_oo_S_A#1,LONG25_7,enabled,37,1326,2.79%,0.45,16.60
USA_HKD_006_P_A_SC_ENZ_SEA_000,2016-08-12,USA_EN_05_P_BusinessIndustrial_LTG000_oo_oo_S_A#1,LONG35_2,enabled,81,1983,4.08%,0.44,35.42
USA_HKD_006_P_A_SC_ENZ_SEA_000,2016-08-12,USA_EN_05_P_BusinessIndustrial_LTG000_oo_oo_S_A#1,LONG35_4,enabled,113,2375,4.76%,0.36,40.95
USA_HKD_006_P_A_SC_ENZ_SEA_000,2016-08-12,USA_EN_05_P_ComputersConsumerElectronics_LTG000_oo_oo_S_A#11,LONG25_5,enabled,6,145,4.14%,0.16,0.96
USA_HKD_006_P_A_SC_ENZ_SEA_000,2016-08-12,USA_EN_05_P_ComputersConsumerElectronics_LTG000_oo_oo_S_A#11,LONG35_1,enabled,74,1614,4.58%,0.31,23.10
USA_HKD_006_P_A_SC_ENZ_SEA_000,2016-08-12,USA_EN_05_P_DiningNightlife_LTG000_oo_oo_S_A#11,LONG25_1,enabled,11,705,1.56%,0.20,2.16
USA_HKD_006_P_A_SC_ENZ_SEA_000,2016-08-12,USA_EN_05_P_DiningNightlife_LTG000_oo_oo_S_A#11,LONG35_1,enabled,604,5952,10.15%,0.35,209.81
USA_HKD_006_P_A_SC_ENZ_SEA_000,2016-08-12,USA_EN_05_P_FamilyCommunity_LTG000_oo_oo_S_A#11,LONG25_1,enabled,27,1112,2.43%,0.23,6.23
USA_HKD_006_P_A_SC_ENZ_SEA_000,2016-08-12,USA_EN_05_P_FamilyCommunity_LTG000_oo_oo_S_A#11,LONG35_1,enabled,122,2950,4.14%,0.39,47.85
USA_HKD_006_P_A_SC_ENZ_SEA_000,2016-08-12,USA_EN_05_P_FoodGroceries_LTG000_oo_oo_S_A#11,LONG25_1,enabled,17,921,1.85%,0.23,3.95
USA_HKD_006_P_A_SC_ENZ_SEA_000,2016-08-12,USA_EN_05_P_FoodGroceries_LTG000_oo_oo_S_A#11,LONG25_2,enabled,13,708,1.84%,0.42,5.49
USA_HKD_006_P_A_SC_ENZ_SEA_000,2016-08-12,USA_EN_05_P_HobbiesLeisure_LTG000_oo_oo_S_A#4,LONG25_1,enabled,36,3135,1.15%,0.58,20.84
USA_HKD_006_P_A_SC_ENZ_SEA_000,2016-08-12,USA_EN_05_P_HobbiesLeisure_LTG000_oo_oo_S_A#4,LONG25_2,enabled,50,1785,2.80%,0.40,19.90
USA_HKD_006_P_A_SC_ENZ_SEA_000,2016-08-12,USA_EN_05_P_HobbiesLeisure_LTG000_oo_oo_S_A#4,LONG25_7,enabled,24,1395,1.72%,0.39,9.37
USA_HKD_006_P_A_SC_ENZ_SEA_000,2016-08-12,USA_EN_05_P_HobbiesLeisure_LTG000_oo_oo_S_A#4,LONG35_2,enabled,352,8361,4.21%,0.40,141.25
USA_HKD_006_P_A_SC_ENZ_SEA_000,2016-08-12,USA_EN_05_P_HobbiesLeisure_LTG000_oo_oo_S_A#4,LONG35_3,enabled,320,7858,4.07%,0.45,143.25
USA_HKD_006_P_A_SC_ENZ_SEA_000,2016-08-12,USA_EN_05_P_HomeGarden_LTG000_oo_oo_S_A#5,LONG25_2,enabled,13,509,2.55%,0.52,6.80
USA_HKD_006_P_A_SC_ENZ_SEA_000,2016-08-12,USA_EN_05_P_HomeGarden_LTG000_oo_oo_S_A#5,LONG35_2,enabled,117,2660,4.40%,0.54,63.63
USA_HKD_006_P_A_SC_ENZ_SEA_000,2016-08-12,USA_EN_05_P_HomeGarden_LTG000_oo_oo_S_A#5,LONG35_4,enabled,2,73,2.74%,0.43,0.86
USA_HKD_006_P_A_SC_ENZ_SEA_000,2016-08-12,USA_EN_05_P_JobsEducation_LTG000_oo_oo_S_A#6,LONG25_2,enabled,90,1397,6.44%,0.31,28.33
USA_HKD_006_P_A_SC_ENZ_SEA_000,2016-08-12,USA_EN_05_P_LawGovernment_LTG000_oo_oo_S_A#11,LONG25_1,enabled,35,1745,2.01%,0.25,8.79
USA_HKD_006_P_A_SC_ENZ_SEA_000,2016-08-12,USA_EN_05_P_LawGovernment_LTG000_oo_oo_S_A#11,LONG35_1,enabled,453,8674,5.22%,0.36,165.21
USA_HKD_006_P_A_SC_ENZ_SEA_000,2016-08-12,USA_EN_05_P_RealEstate_LTG000_oo_oo_S_A#11,LONG35_1,enabled,21,636,3.30%,0.42,8.76
USA_HKD_006_P_A_SC_ENZ_SEA_000,2016-08-12,USA_EN_05_P_RealEstate_LTG000_oo_oo_S_A#11,LONG35_3,enabled,20,434,4.61%,0.42,8.50
USA_HKD_006_P_A_SC_ENZ_SEA_000,2016-08-12,USA_EN_06_P_Apparel_LTG000_oo_oo_S_A#11,LONG25_1,enabled,2,109,1.83%,0.16,0.32
USA_HKD_006_P_A_SC_ENZ_SEA_000,2016-08-12,USA_EN_06_P_Apparel_LTG000_oo_oo_S_A#11,LONG25_2,enabled,3,234,1.28%,0.32,0.95
USA_HKD_006_P_A_SC_ENZ_SEA_000,2016-08-12,USA_EN_06_P_Apparel_LTG000_oo_oo_S_A#11,LONG35_1,enabled,13,385,3.38%,0.23,2.94
USA_HKD_006_P_A_SC_ENZ_SEA_000,2016-08-12,USA_EN_06_P_BeautyPersonalCare_LTG000_oo_oo_S_A#11,LONG35_1,enabled,23,885,2.60%,0.41,9.49
USA_HKD_006_P_A_SC_ENZ_SEA_000,2016-08-12,USA_EN_06_P_BeautyPersonalCare_LTG000_oo_oo_S_A#11,LONG35_2,enabled,3,36,8.33%,0.42,1.26
USA_HKD_006_P_A_SC_ENZ_SEA_000,2016-08-12,USA_EN_06_P_BusinessIndustrial_LTG000_oo_oo_S_A#1,LONG25_2,enabled,44,1718,2.56%,0.37,16.45
USA_HKD_006_P_A_SC_ENZ_SEA_000,2016-08-12,USA_EN_06_P_BusinessIndustrial_LTG000_oo_oo_S_A#1,LONG25_5,enabled,19,1281,1.48%,0.49,9.26
USA_HKD_006_P_A_SC_ENZ_SEA_000,2016-08-12,USA_EN_06_P_BusinessIndustrial_LTG000_oo_oo_S_A#1,LONG35_1,enabled,141,3084,4.57%,0.41,58.40
USA_HKD_006_P_A_SC_ENZ_SEA_000,2016-08-12,USA_EN_06_P_BusinessIndustrial_LTG000_oo_oo_S_A#1,LONG35_3,enabled,101,2066,4.89%,0.41,41.08
USA_HKD_006_P_A_SC_ENZ_SEA_000,2016-08-12,USA_EN_06_P_DiningNightlife_LTG000_oo_oo_S_A#11,LONG25_1,enabled,15,853,1.76%,0.27,3.98
USA_HKD_006_P_A_SC_ENZ_SEA_000,2016-08-12,USA_EN_06_P_FamilyCommunity_LTG000_oo_oo_S_A#11,LONG35_1,enabled,221,5496,4.02%,0.41,90.75
USA_HKD_006_P_A_SC_ENZ_SEA_000,2016-08-12,USA_EN_06_P_FoodGroceries_LTG000_oo_oo_S_A#11,LONG25_1,enabled,9,579,1.55%,0.31,2.79
USA_HKD_006_P_A_SC_ENZ_SEA_000,2016-08-12,USA_EN_06_P_FoodGroceries_LTG000_oo_oo_S_A#11,LONG25_2,enabled,13,505,2.57%,0.26,3.43
USA_HKD_006_P_A_SC_ENZ_SEA_000,2016-08-12,USA_EN_06_P_FoodGroceries_LTG000_oo_oo_S_A#11,LONG35_1,enabled,104,2375,4.38%,0.40,41.75
USA_HKD_006_P_A_SC_ENZ_SEA_000,2016-08-12,USA_EN_06_P_Health_LTG000_oo_oo_S_A#3,LONG25_2,enabled,66,2713,2.43%,0.41,26.98
USA_HKD_006_P_A_SC_ENZ_SEA_000,2016-08-12,USA_EN_06_P_Health_LTG000_oo_oo_S_A#3,LONG25_3,enabled,53,2069,2.56%,0.44,23.55
USA_HKD_006_P_A_SC_ENZ_SEA_000,2016-08-12,USA_EN_06_P_Health_LTG000_oo_oo_S_A#3,LONG35_1,enabled,992,15840,6.26%,0.54,537.41
USA_HKD_006_P_A_SC_ENZ_SEA_000,2016-08-12,USA_EN_06_P_HobbiesLeisure_LTG000_oo_oo_S_A#4,LONG25_1,enabled,42,2078,2.02%,0.49,20.50
USA_HKD_006_P_A_SC_ENZ_SEA_000,2016-08-12,USA_EN_06_P_HobbiesLeisure_LTG000_oo_oo_S_A#4,LONG25_5,enabled,38,1402,2.71%,0.54,20.50
USA_HKD_006_P_A_SC_ENZ_SEA_000,2016-08-12,USA_EN_06_P_HobbiesLeisure_LTG000_oo_oo_S_A#4,LONG25_6,enabled,53,2430,2.18%,0.48,25.27
USA_HKD_006_P_A_SC_ENZ_SEA_000,2016-08-12,USA_EN_06_P_HobbiesLeisure_LTG000_oo_oo_S_A#4,LONG25_7,enabled,9,1652,0.54%,0.37,3.30
USA_HKD_006_P_A_SC_ENZ_SEA_000,2016-08-12,USA_EN_06_P_HomeGarden_LTG000_oo_oo_S_A#5,LONG25_3,enabled,596,3111,19.16%,0.26,155.53
USA_HKD_006_P_A_SC_ENZ_SEA_000,2016-08-12,USA_EN_06_P_HomeGarden_LTG000_oo_oo_S_A#5,LONG25_5,enabled,42,989,4.25%,0.48,20.26
USA_HKD_006_P_A_SC_ENZ_SEA_000,2016-08-12,USA_EN_06_P_HomeGarden_LTG000_oo_oo_S_A#5,LONG35_3,enabled,193,3423,5.64%,0.55,105.21
USA_HKD_006_P_A_SC_ENZ_SEA_000,2016-08-12,USA_EN_06_P_HomeGarden_LTG000_oo_oo_S_A#5,LONG35_4,enabled,10,291,3.44%,0.65,6.53
USA_HKD_006_P_A_SC_ENZ_SEA_000,2016-08-12,USA_EN_06_P_InternetTelecom_LTG000_oo_oo_S_A#11,LONG25_1,enabled,16,527,3.04%,0.23,3.66
USA_HKD_006_P_A_SC_ENZ_SEA_000,2016-08-12,USA_EN_06_P_JobsEducation_LTG000_oo_oo_S_A#6,LONG25_2,enabled,65,1617,4.02%,0.32,20.79
USA_HKD_006_P_A_SC_ENZ_SEA_000,2016-08-12,USA_EN_06_P_LawGovernment_LTG000_oo_oo_S_A#11,LONG35_1,enabled,617,10910,5.66%,0.35,214.22
USA_HKD_006_P_A_SC_ENZ_SEA_000,2016-08-12,USA_EN_06_P_OccasionsGifts_LTG000_oo_oo_S_A#11,LONG25_1,enabled,14,484,2.89%,0.27,3.77
USA_HKD_006_P_A_SC_ENZ_SEA_000,2016-08-12,USA_EN_06_P_OccasionsGifts_LTG000_oo_oo_S_A#11,LONG35_1,enabled,81,1475,5.49%,0.32,25.76
USA_HKD_006_P_A_SC_ENZ_SEA_000,2016-08-12,USA_EN_05_P_RetailersGeneralMerchandise_LTG000_oo_oo_S_A#8,LONG25_1,enabled,76,1987,3.82%,0.27,20.68
USA_HKD_006_P_A_SC_ENZ_SEA_000,2016-08-12,USA_EN_05_P_SportsFitness_LTG000_oo_oo_S_A#11,LONG25_1,enabled,7,485,1.44%,0.28,1.98
USA_HKD_006_P_A_SC_ENZ_SEA_000,2016-08-12,USA_EN_05_P_SportsFitness_LTG000_oo_oo_S_A#11,LONG35_1,enabled,499,4948,10.08%,0.31,154.02
USA_HKD_006_P_A_SC_ENZ_SEA_000,2016-08-12,USA_EN_05_P_SportsFitness_LTG000_oo_oo_S_A#11,LONG35_2,enabled,26,611,4.26%,0.33,8.70
USA_HKD_006_P_A_SC_ENZ_SEA_000,2016-08-12,USA_EN_05_P_TravelTourism_LTG000_oo_oo_S_A#9,LONG25_2,enabled,30,1320,2.27%,0.33,9.79
USA_HKD_006_P_A_SC_ENZ_SEA_000,2016-08-12,USA_EN_05_P_TravelTourism_LTG000_oo_oo_S_A#9,LONG25_4,enabled,9,328,2.74%,0.63,5.67
USA_HKD_006_P_A_SC_ENZ_SEA_000,2016-08-12,USA_EN_05_P_Vehicles_LTG000_oo_oo_S_A#10,LONG25_6,enabled,1,42,2.38%,0.70,0.70
USA_HKD_006_P_A_SC_ENZ_SEA_000,2016-08-12,USA_EN_05_P_Vehicles_LTG000_oo_oo_S_A#10,LONG35_2,enabled,76,1957,3.88%,0.43,32.79
USA_HKD_006_P_A_SC_ENZ_SEA_000,2016-08-12,USA_EN_06_P_RealEstate_LTG000_oo_oo_S_A#11,LONG25_1,enabled,11,587,1.87%,0.28,3.07
USA_HKD_006_P_A_SC_ENZ_SEA_000,2016-08-12,USA_EN_06_P_RetailersGeneralMerchandise_LTG000_oo_oo_S_A#8,LONG25_1,enabled,24,835,2.87%,0.28,6.79
USA_HKD_006_P_A_SC_ENZ_SEA_000,2016-08-12,USA_EN_06_P_SportsFitness_LTG000_oo_oo_S_A#11,LONG25_1,enabled,14,546,2.56%,0.28,3.92
USA_HKD_006_P_A_SC_ENZ_SEA_000,2016-08-12,USA_EN_06_P_SportsFitness_LTG000_oo_oo_S_A#11,LONG25_2,enabled,8,477,1.68%,0.28,2.21
USA_HKD_006_P_A_SC_ENZ_SEA_000,2016-08-12,USA_EN_06_P_SportsFitness_LTG000_oo_oo_S_A#11,LONG25_3,enabled,8,798,1.00%,0.26,2.10
USA_HKD_006_P_A_SC_ENZ_SEA_000,2016-08-12,USA_EN_06_P_TravelTourism_LTG000_oo_oo_S_A#9,LONG25_2,enabled,17,1169,1.45%,0.45,7.71
USA_HKD_006_P_A_SC_ENZ_SEA_000,2016-08-12,USA_EN_06_P_TravelTourism_LTG000_oo_oo_S_A#9,LONG35_3,enabled,39,1171,3.33%,0.53,20.52
USA_HKD_006_P_A_SC_ENZ_SEA_000,2016-08-12,USA_EN_06_P_Vehicles_LTG000_oo_oo_S_A#10,LONG25_3,enabled,22,993,2.22%,0.31,6.90
USA_HKD_006_P_A_SC_ENZ_SEA_000,2016-08-12,USA_EN_03_P_OccasionsGifts_LTG000_oo_oo_S_A#11,LONG25_1,enabled,20,757,2.64%,0.38,7.63
USA_HKD_006_P_A_SC_ENZ_SEA_000,2016-08-12,USA_EN_03_P_RealEstate_LTG000_oo_oo_S_A#11,LONG25_2,enabled,11,252,4.37%,0.32,3.50
USA_HKD_006_P_A_SC_ENZ_SEA_000,2016-08-12,USA_EN_03_P_RealEstate_LTG000_oo_oo_S_A#11,LONG35_1,enabled,18,561,3.21%,0.40,7.25
USA_HKD_006_P_A_SC_ENZ_SEA_000,2016-08-12,USA_EN_03_P_RealEstate_LTG000_oo_oo_S_A#11,LONG35_3,enabled,1,67,1.49%,0.58,0.58
USA_HKD_006_P_A_SC_ENZ_SEA_000,2016-08-12,USA_EN_03_P_RetailersGeneralMerchandise_LTG000_oo_oo_S_A#8,LONG25_1,enabled,24,801,3.00%,0.27,6.43
USA_HKD_006_P_A_SC_ENZ_SEA_000,2016-08-12,USA_EN_03_P_SportsFitness_LTG000_oo_oo_S_A#11,LONG25_4,enabled,7,377,1.86%,0.37,2.57
USA_HKD_006_P_A_SC_ENZ_SEA_000,2016-08-12,USA_EN_03_P_TravelTourism_LTG000_oo_oo_S_A#9,LONG25_2,enabled,100,2628,3.81%,0.40,40.01
USA_HKD_006_P_A_SC_ENZ_SEA_000,2016-08-12,USA_EN_03_P_TravelTourism_LTG000_oo_oo_S_A#9,LONG35_3,enabled,2,197,1.02%,0.74,1.49
USA_HKD_006_P_A_SC_ENZ_SEA_000,2016-08-12,USA_EN_03_P_Vehicles_LTG000_oo_oo_S_A#10,LONG25_4,enabled,47,1794,2.62%,0.42,19.90
USA_HKD_006_P_A_SC_ENZ_SEA_000,2016-08-12,USA_EN_03_P_Vehicles_LTG000_oo_oo_S_A#10,LONG35_2,enabled,65,2068,3.14%,0.41,26.38
USA_HKD_006_P_A_SC_ENZ_SEA_000,2016-08-12,USA_EN_03_P_Apparel_LTG000_oo_oo_S_A#11,LONG35_1,enabled,6,182,3.30%,0.45,2.68
USA_HKD_006_P_A_SC_ENZ_SEA_000,2016-08-12,USA_EN_03_P_Apparel_LTG000_oo_oo_S_A#11,LONG35_2,enabled,7,286,2.45%,0.31,2.14
USA_HKD_006_P_A_SC_ENZ_SEA_000,2016-08-12,USA_EN_03_P_Apparel_LTG000_oo_oo_S_A#11,LONG35_3,enabled,7,263,2.66%,0.35,2.44
USA_HKD_006_P_A_SC_ENZ_SEA_000,2016-08-12,USA_EN_03_P_BeautyPersonalCare_LTG000_oo_oo_S_A#11,LONG35_1,enabled,30,816,3.68%,0.44,13.05
USA_HKD_006_P_A_SC_ENZ_SEA_000,2016-08-12,USA_EN_03_P_BusinessIndustrial_LTG000_oo_oo_S_A#1,LONG35_2,enabled,61,1915,3.19%,0.42,25.36
USA_HKD_006_P_A_SC_ENZ_SEA_000,2016-08-12,USA_EN_03_P_DiningNightlife_LTG000_oo_oo_S_A#11,LONG35_1,enabled,143,1871,7.64%,0.35,49.42
USA_HKD_006_P_A_SC_ENZ_SEA_000,2016-08-12,USA_EN_03_P_FamilyCommunity_LTG000_oo_oo_S_A#11,LONG35_1,enabled,129,3144,4.10%,0.38,48.92
USA_HKD_006_P_A_SC_ENZ_SEA_000,2016-08-12,USA_EN_03_P_HobbiesLeisure_LTG000_oo_oo_S_A#4,LONG35_2,enabled,456,7611,5.99%,0.43,195.53
USA_HKD_006_P_A_SC_ENZ_SEA_000,2016-08-12,USA_EN_03_P_HobbiesLeisure_LTG000_oo_oo_S_A#4,LONG35_3,enabled,214,7177,2.98%,0.63,135.55
USA_HKD_006_P_A_SC_ENZ_SEA_000,2016-08-12,USA_EN_03_P_HomeGarden_LTG000_oo_oo_S_A#5,LONG35_1,enabled,30,871,3.44%,0.55,16.62
USA_HKD_006_P_A_SC_ENZ_SEA_000,2016-08-12,USA_EN_03_P_InternetTelecom_LTG000_oo_oo_S_A#11,LONG35_1,enabled,23,586,3.92%,0.38,8.77
USA_HKD_006_P_A_SC_ENZ_SEA_000,2016-08-12,USA_EN_04_P_Apparel_LTG000_oo_oo_S_A#11,LONG25_1,enabled,1,103,0.97%,0.16,0.16
USA_HKD_006_P_A_SC_ENZ_SEA_000,2016-08-12,USA_EN_04_P_Apparel_LTG000_oo_oo_S_A#11,LONG25_5,enabled,6,182,3.30%,0.25,1.51
USA_HKD_006_P_A_SC_ENZ_SEA_000,2016-08-12,USA_EN_04_P_Apparel_LTG000_oo_oo_S_A#11,LONG25_7,enabled,1,130,0.77%,0.73,0.73
USA_HKD_006_P_A_SC_ENZ_SEA_000,2016-08-12,USA_EN_04_P_Apparel_LTG000_oo_oo_S_A#11,LONG25_8,enabled,0,106,0.00%,0.00,0.00
USA_HKD_006_P_A_SC_ENZ_SEA_000,2016-08-12,USA_EN_04_P_Apparel_LTG000_oo_oo_S_A#11,LONG35_4,enabled,3,74,4.05%,0.44,1.32
USA_HKD_006_P_A_SC_ENZ_SEA_000,2016-08-12,USA_EN_04_P_BeautyPersonalCare_LTG000_oo_oo_S_A#11,LONG25_1,enabled,11,478,2.30%,0.25,2.79
USA_HKD_006_P_A_SC_ENZ_SEA_000,2016-08-12,USA_EN_04_P_BeautyPersonalCare_LTG000_oo_oo_S_A#11,LONG35_2,enabled,1,75,1.33%,0.39,0.39
USA_HKD_006_P_A_SC_ENZ_SEA_000,2016-08-12,USA_EN_04_P_BusinessIndustrial_LTG000_oo_oo_S_A#1,LONG25_1,enabled,29,1608,1.80%,0.45,12.96
USA_HKD_006_P_A_SC_ENZ_SEA_000,2016-08-12,USA_EN_04_P_BusinessIndustrial_LTG000_oo_oo_S_A#1,LONG25_2,enabled,34,1672,2.03%,0.43,14.47
USA_HKD_006_P_A_SC_ENZ_SEA_000,2016-08-12,USA_EN_04_P_BusinessIndustrial_LTG000_oo_oo_S_A#1,LONG25_5,enabled,27,1539,1.75%,0.49,13.36
USA_HKD_006_P_A_SC_ENZ_SEA_000,2016-08-12,USA_EN_04_P_BusinessIndustrial_LTG000_oo_oo_S_A#1,LONG25_7,enabled,48,1651,2.91%,0.41,19.80
USA_HKD_006_P_A_SC_ENZ_SEA_000,2016-08-12,USA_EN_04_P_BusinessIndustrial_LTG000_oo_oo_S_A#1,LONG25_10,enabled,19,558,3.41%,0.37,7.10
USA_HKD_006_P_A_SC_ENZ_SEA_000,2016-08-12,USA_EN_04_P_ComputersConsumerElectronics_LTG000_oo_oo_S_A#11,LONG25_1,enabled,7,505,1.39%,0.23,1.59
USA_HKD_006_P_A_SC_ENZ_SEA_000,2016-08-12,USA_EN_04_P_ComputersConsumerElectronics_LTG000_oo_oo_S_A#11,LONG25_2,enabled,26,645,4.03%,0.25,6.47
USA_HKD_006_P_A_SC_ENZ_SEA_000,2016-08-12,USA_EN_04_P_ComputersConsumerElectronics_LTG000_oo_oo_S_A#11,LONG35_1,enabled,44,1105,3.98%,0.31,13.54
USA_HKD_006_P_A_SC_ENZ_SEA_000,2016-08-12,USA_EN_04_P_FamilyCommunity_LTG000_oo_oo_S_A#11,LONG35_1,enabled,227,4833,4.70%,0.39,89.38
USA_HKD_006_P_A_SC_ENZ_SEA_000,2016-08-12,USA_EN_04_P_Finance_LTG000_oo_oo_S_A#2,LONG35_1,enabled,425,4711,9.02%,0.42,176.80
USA_HKD_006_P_A_SC_ENZ_SEA_000,2016-08-12,USA_EN_04_P_Health_LTG000_oo_oo_S_A#3,LONG25_2,enabled,99,2887,3.43%,0.39,38.86
USA_HKD_006_P_A_SC_ENZ_SEA_000,2016-08-12,USA_EN_04_P_Health_LTG000_oo_oo_S_A#3,LONG25_3,enabled,65,2271,2.86%,0.43,28.16
USA_HKD_006_P_A_SC_ENZ_SEA_000,2016-08-12,USA_EN_04_P_Health_LTG000_oo_oo_S_A#3,LONG35_3,enabled,154,3016,5.11%,0.55,85.09
USA_HKD_006_P_A_SC_ENZ_SEA_000,2016-08-12,USA_EN_04_P_HobbiesLeisure_LTG000_oo_oo_S_A#4,LONG25_3,enabled,41,2213,1.85%,0.40,16.30
USA_HKD_006_P_A_SC_ENZ_SEA_000,2016-08-12,USA_EN_04_P_HobbiesLeisure_LTG000_oo_oo_S_A#4,LONG25_5,enabled,43,2031,2.12%,0.41,17.60
USA_HKD_006_P_A_SC_ENZ_SEA_000,2016-08-12,USA_EN_04_P_HobbiesLeisure_LTG000_oo_oo_S_A#4,LONG25_7,enabled,28,1932,1.45%,0.46,12.78
USA_HKD_006_P_A_SC_ENZ_SEA_000,2016-08-12,USA_EN_04_P_HobbiesLeisure_LTG000_oo_oo_S_A#4,LONG35_3,enabled,892,17652,5.05%,0.46,413.11
USA_HKD_006_P_A_SC_ENZ_SEA_000,2016-08-12,USA_EN_04_P_HomeGarden_LTG000_oo_oo_S_A#5,LONG25_4,enabled,16,612,2.61%,0.45,7.22
USA_HKD_006_P_A_SC_ENZ_SEA_000,2016-08-12,USA_EN_04_P_HomeGarden_LTG000_oo_oo_S_A#5,LONG25_5,enabled,26,1092,2.38%,0.55,14.34
USA_HKD_006_P_A_SC_ENZ_SEA_000,2016-08-12,USA_EN_04_P_HomeGarden_LTG000_oo_oo_S_A#5,LONG35_2,enabled,132,2032,6.50%,0.57,75.14
USA_HKD_006_P_A_SC_ENZ_SEA_000,2016-08-12,USA_EN_04_P_InternetTelecom_LTG000_oo_oo_S_A#11,LONG25_1,enabled,11,667,1.65%,0.27,2.94
USA_HKD_006_P_A_SC_ENZ_SEA_000,2016-08-12,USA_EN_04_P_InternetTelecom_LTG000_oo_oo_S_A#11,LONG25_2,enabled,0,60,0.00%,0.00,0.00
USA_HKD_006_P_A_SC_ENZ_SEA_000,2016-08-12,USA_EN_04_P_JobsEducation_LTG000_oo_oo_S_A#6,LONG35_1,enabled,397,5117,7.76%,0.32,126.28
USA_HKD_006_P_A_SC_ENZ_SEA_000,2016-08-12,USA_EN_04_P_LawGovernment_LTG000_oo_oo_S_A#11,LONG25_1,enabled,45,2175,2.07%,0.23,10.43
USA_HKD_006_P_A_SC_ENZ_SEA_000,2016-08-12,USA_EN_04_P_OccasionsGifts_LTG000_oo_oo_S_A#11,LONG35_1,enabled,18,710,2.54%,0.31,5.50
USA_HKD_006_P_A_SC_ENZ_SEA_000,2016-08-12,USA_EN_04_P_RealEstate_LTG000_oo_oo_S_A#11,LONG25_1,enabled,14,558,2.51%,0.24,3.33
USA_HKD_006_P_A_SC_ENZ_SEA_000,2016-08-12,USA_EN_04_P_SportsFitness_LTG000_oo_oo_S_A#11,LONG25_2,enabled,12,515,2.33%,0.22,2.68
USA_HKD_006_P_A_SC_ENZ_SEA_000,2016-08-12,USA_EN_04_P_SportsFitness_LTG000_oo_oo_S_A#11,LONG35_1,enabled,72,1546,4.66%,0.34,24.16
USA_HKD_006_P_A_SC_ENZ_SEA_000,2016-08-12,USA_EN_04_P_TravelTourism_LTG000_oo_oo_S_A#9,LONG25_2,enabled,64,1864,3.43%,0.38,24.17
USA_HKD_006_P_A_SC_ENZ_SEA_000,2016-08-12,USA_EN_04_P_TravelTourism_LTG000_oo_oo_S_A#9,LONG25_3,enabled,343,3421,10.03%,0.30,104.22
USA_HKD_006_P_A_SC_ENZ_SEA_000,2016-08-12,USA_EN_04_P_TravelTourism_LTG000_oo_oo_S_A#9,LONG35_2,enabled,135,2926,4.61%,0.47,63.53
USA_HKD_006_P_A_SC_ENZ_SEA_000,2016-08-12,USA_EN_04_P_TravelTourism_LTG000_oo_oo_S_A#9,LONG35_3,enabled,15,583,2.57%,0.53,7.98
USA_HKD_006_P_A_SC_ENZ_SEA_000,2016-08-12,USA_EN_04_P_Vehicles_LTG000_oo_oo_S_A#10,LONG25_3,enabled,23,1047,2.20%,0.35,8.16
USA_HKD_006_P_A_SC_ENZ_SEA_000,2016-08-12,USA_EN_04_P_Vehicles_LTG000_oo_oo_S_A#10,LONG25_5,enabled,20,677,2.95%,0.40,7.94
USA_HKD_006_P_A_SC_ENZ_SEA_000,2016-08-12,USA_EN_04_P_Vehicles_LTG000_oo_oo_S_A#10,LONG35_2,enabled,81,2084,3.89%,0.48,38.83
USA_HKD_006_P_A_SC_ENZ_SEA_000,2016-08-12,USA_EN_05_P_Apparel_LTG000_oo_oo_S_A#11,LONG25_3,enabled,8,293,2.73%,0.28,2.26
USA_HKD_006_P_A_SC_ENZ_SEA_000,2016-08-12,USA_EN_05_P_Apparel_LTG000_oo_oo_S_A#11,LONG25_6,enabled,5,228,2.19%,0.31,1.57
USA_HKD_006_P_A_SC_ENZ_SEA_000,2016-08-12,USA_EN_05_P_Apparel_LTG000_oo_oo_S_A#11,LONG25_8,enabled,5,205,2.44%,0.23,1.16
USA_HKD_006_P_A_SC_ENZ_SEA_000,2016-08-12,USA_EN_05_P_Apparel_LTG000_oo_oo_S_A#11,LONG35_1,enabled,8,345,2.32%,0.42,3.39
USA_HKD_006_P_A_SC_ENZ_SEA_000,2016-08-12,USA_EN_05_P_BusinessIndustrial_LTG000_oo_oo_S_A#1,LONG25_1,enabled,25,1250,2.00%,0.42,10.42
USA_HKD_006_P_A_SC_ENZ_SEA_000,2016-08-12,USA_EN_05_P_BusinessIndustrial_LTG000_oo_oo_S_A#1,LONG25_2,enabled,36,1535,2.35%,0.44,15.92
USA_HKD_006_P_A_SC_ENZ_SEA_000,2016-08-12,USA_EN_05_P_BusinessIndustrial_LTG000_oo_oo_S_A#1,LONG25_6,enabled,19,860,2.21%,0.43,8.19
USA_HKD_006_P_A_SC_ENZ_SEA_000,2016-08-12,USA_EN_05_P_BusinessIndustrial_LTG000_oo_oo_S_A#1,LONG25_8,enabled,31,1253,2.47%,0.36,11.03
USA_HKD_006_P_A_SC_ENZ_SEA_000,2016-08-12,USA_EN_05_P_BusinessIndustrial_LTG000_oo_oo_S_A#1,LONG35_5,enabled,25,673,3.71%,0.41,10.32
USA_HKD_006_P_A_SC_ENZ_SEA_000,2016-08-12,USA_EN_05_P_ComputersConsumerElectronics_LTG000_oo_oo_S_A#11,LONG25_4,enabled,8,580,1.38%,0.25,2.01
USA_HKD_006_P_A_SC_ENZ_SEA_000,2016-08-12,USA_EN_05_P_ComputersConsumerElectronics_LTG000_oo_oo_S_A#11,LONG35_2,enabled,53,1539,3.44%,0.40,21.32
USA_HKD_006_P_A_SC_ENZ_SEA_000,2016-08-12,USA_EN_05_P_Finance_LTG000_oo_oo_S_A#2,LONG25_1,enabled,65,1938,3.35%,0.41,26.90
USA_HKD_006_P_A_SC_ENZ_SEA_000,2016-08-12,USA_EN_05_P_FoodGroceries_LTG000_oo_oo_S_A#11,LONG35_1,enabled,177,4356,4.06%,0.44,77.61
USA_HKD_006_P_A_SC_ENZ_SEA_000,2016-08-12,USA_EN_05_P_Health_LTG000_oo_oo_S_A#3,LONG25_3,enabled,72,2023,3.56%,0.44,31.91
USA_HKD_006_P_A_SC_ENZ_SEA_000,2016-08-12,USA_EN_05_P_HobbiesLeisure_LTG000_oo_oo_S_A#4,LONG25_5,enabled,20,1616,1.24%,0.46,9.18
USA_HKD_006_P_A_SC_ENZ_SEA_000,2016-08-12,USA_EN_05_P_HobbiesLeisure_LTG000_oo_oo_S_A#4,LONG25_6,enabled,80,2971,2.69%,0.37,29.72
USA_HKD_006_P_A_SC_ENZ_SEA_000,2016-08-12,USA_EN_05_P_HobbiesLeisure_LTG000_oo_oo_S_A#4,LONG35_1,enabled,301,8583,3.51%,0.47,142.80
USA_HKD_006_P_A_SC_ENZ_SEA_000,2016-08-12,USA_EN_05_P_HomeGarden_LTG000_oo_oo_S_A#5,LONG25_5,enabled,13,616,2.11%,0.36,4.68
USA_HKD_006_P_A_SC_ENZ_SEA_000,2016-08-12,USA_EN_05_P_HomeGarden_LTG000_oo_oo_S_A#5,LONG25_6,enabled,2,118,1.69%,0.32,0.64
USA_HKD_006_P_A_SC_ENZ_SEA_000,2016-08-12,USA_EN_05_P_HomeGarden_LTG000_oo_oo_S_A#5,LONG35_1,enabled,49,1500,3.27%,0.53,25.98
USA_HKD_006_P_A_SC_ENZ_SEA_000,2016-08-12,USA_EN_05_P_InternetTelecom_LTG000_oo_oo_S_A#11,LONG25_2,enabled,2,128,1.56%,0.16,0.32
USA_HKD_006_P_A_SC_ENZ_SEA_000,2016-08-12,USA_EN_05_P_JobsEducation_LTG000_oo_oo_S_A#6,LONG35_1,enabled,70,1485,4.71%,0.37,26.20
USA_HKD_006_P_A_SC_ENZ_SEA_000,2016-08-12,USA_EN_05_P_JobsEducation_LTG000_oo_oo_S_A#6,LONG35_2,enabled,162,3054,5.30%,0.36,58.78
USA_HKD_006_P_A_SC_ENZ_SEA_000,2016-08-12,USA_EN_05_P_OccasionsGifts_LTG000_oo_oo_S_A#11,LONG35_1,enabled,45,1302,3.46%,0.41,18.23
USA_HKD_006_P_A_SC_ENZ_SEA_000,2016-08-12,USA_EN_05_P_RealEstate_LTG000_oo_oo_S_A#11,LONG35_2,enabled,12,484,2.48%,0.47,5.66
USA_HKD_006_P_A_SC_ENZ_SEA_000,2016-08-12,USA_EN_06_P_Apparel_LTG000_oo_oo_S_A#11,LONG25_3,enabled,2,222,0.90%,0.43,0.86
USA_HKD_006_P_A_SC_ENZ_SEA_000,2016-08-12,USA_EN_06_P_Apparel_LTG000_oo_oo_S_A#11,LONG25_4,enabled,4,139,2.88%,0.18,0.72
USA_HKD_006_P_A_SC_ENZ_SEA_000,2016-08-12,USA_EN_06_P_Apparel_LTG000_oo_oo_S_A#11,LONG25_7,enabled,4,174,2.30%,0.18,0.70
USA_HKD_006_P_A_SC_ENZ_SEA_000,2016-08-12,USA_EN_06_P_Apparel_LTG000_oo_oo_S_A#11,LONG35_2,enabled,12,294,4.08%,0.34,4.07
USA_HKD_006_P_A_SC_ENZ_SEA_000,2016-08-12,USA_EN_06_P_Apparel_LTG000_oo_oo_S_A#11,LONG35_3,enabled,13,567,2.29%,0.28,3.64
USA_HKD_006_P_A_SC_ENZ_SEA_000,2016-08-12,USA_EN_06_P_BeautyPersonalCare_LTG000_oo_oo_S_A#11,LONG25_1,enabled,5,357,1.40%,0.42,2.11
USA_HKD_006_P_A_SC_ENZ_SEA_000,2016-08-12,USA_EN_06_P_BeautyPersonalCare_LTG000_oo_oo_S_A#11,LONG25_2,enabled,5,179,2.79%,0.24,1.19
USA_HKD_006_P_A_SC_ENZ_SEA_000,2016-08-12,USA_EN_06_P_BusinessIndustrial_LTG000_oo_oo_S_A#1,LONG25_4,enabled,39,1288,3.03%,0.40,15.62
USA_HKD_006_P_A_SC_ENZ_SEA_000,2016-08-12,USA_EN_06_P_BusinessIndustrial_LTG000_oo_oo_S_A#1,LONG25_6,enabled,18,997,1.81%,0.44,7.95
USA_HKD_006_P_A_SC_ENZ_SEA_000,2016-08-12,USA_EN_06_P_BusinessIndustrial_LTG000_oo_oo_S_A#1,LONG25_7,enabled,55,1563,3.52%,0.45,24.65
USA_HKD_006_P_A_SC_ENZ_SEA_000,2016-08-12,USA_EN_06_P_BusinessIndustrial_LTG000_oo_oo_S_A#1,LONG25_8,enabled,39,1194,3.27%,0.36,14.04
USA_HKD_006_P_A_SC_ENZ_SEA_000,2016-08-12,USA_EN_06_P_BusinessIndustrial_LTG000_oo_oo_S_A#1,LONG25_10,enabled,15,534,2.81%,0.41,6.20
USA_HKD_006_P_A_SC_ENZ_SEA_000,2016-08-12,USA_EN_06_P_BusinessIndustrial_LTG000_oo_oo_S_A#1,LONG35_4,enabled,166,4272,3.89%,0.40,65.86
USA_HKD_006_P_A_SC_ENZ_SEA_000,2016-08-12,USA_EN_06_P_BusinessIndustrial_LTG000_oo_oo_S_A#1,LONG35_5,enabled,36,801,4.49%,0.39,13.94
USA_HKD_006_P_A_SC_ENZ_SEA_000,2016-08-12,USA_EN_06_P_ComputersConsumerElectronics_LTG000_oo_oo_S_A#11,LONG25_2,enabled,8,449,1.78%,0.20,1.60
USA_HKD_006_P_A_SC_ENZ_SEA_000,2016-08-12,USA_EN_06_P_ComputersConsumerElectronics_LTG000_oo_oo_S_A#11,LONG25_5,enabled,3,144,2.08%,0.34,1.02
USA_HKD_006_P_A_SC_ENZ_SEA_000,2016-08-12,USA_EN_06_P_ComputersConsumerElectronics_LTG000_oo_oo_S_A#11,LONG35_1,enabled,50,1236,4.05%,0.40,20.22
USA_HKD_006_P_A_SC_ENZ_SEA_000,2016-08-12,USA_EN_06_P_FamilyCommunity_LTG000_oo_oo_S_A#11,LONG25_1,enabled,53,1718,3.08%,0.27,14.18
USA_HKD_006_P_A_SC_ENZ_SEA_000,2016-08-12,USA_EN_06_P_Finance_LTG000_oo_oo_S_A#2,LONG25_1,enabled,104,2517,4.13%,0.35,36.03
USA_HKD_006_P_A_SC_ENZ_SEA_000,2016-08-12,USA_EN_06_P_Health_LTG000_oo_oo_S_A#3,LONG25_4,enabled,25,553,4.52%,0.58,14.55
USA_HKD_006_P_A_SC_ENZ_SEA_000,2016-08-12,USA_EN_06_P_HobbiesLeisure_LTG000_oo_oo_S_A#4,LONG25_8,enabled,4,150,2.67%,0.43,1.71
USA_HKD_006_P_A_SC_ENZ_SEA_000,2016-08-12,USA_EN_06_P_HobbiesLeisure_LTG000_oo_oo_S_A#4,LONG35_2,enabled,1922,12779,15.04%,0.37,714.99
USA_HKD_006_P_A_SC_ENZ_SEA_000,2016-08-12,USA_EN_06_P_HobbiesLeisure_LTG000_oo_oo_S_A#4,LONG35_3,enabled,276,6158,4.48%,0.43,119.89
USA_HKD_006_P_A_SC_ENZ_SEA_000,2016-08-12,USA_EN_06_P_HobbiesLeisure_LTG000_oo_oo_S_A#4,LONG35_4,enabled,50,1908,2.62%,0.44,22.04
USA_HKD_006_P_A_SC_ENZ_SEA_000,2016-08-12,USA_EN_06_P_HomeGarden_LTG000_oo_oo_S_A#5,LONG25_4,enabled,15,569,2.64%,0.58,8.77
USA_HKD_006_P_A_SC_ENZ_SEA_000,2016-08-12,USA_EN_06_P_HomeGarden_LTG000_oo_oo_S_A#5,LONG35_1,enabled,56,1357,4.13%,0.55,30.54
USA_HKD_006_P_A_SC_ENZ_SEA_000,2016-08-12,USA_EN_06_P_HomeGarden_LTG000_oo_oo_S_A#5,LONG35_2,enabled,315,3751,8.40%,0.43,134.66
USA_HKD_006_P_A_SC_ENZ_SEA_000,2016-08-12,USA_EN_06_P_InternetTelecom_LTG000_oo_oo_S_A#11,LONG35_1,enabled,54,1142,4.73%,0.42,22.64
USA_HKD_006_P_A_SC_ENZ_SEA_000,2016-08-12,USA_EN_06_P_LawGovernment_LTG000_oo_oo_S_A#11,LONG25_1,enabled,36,2149,1.68%,0.25,9.14
USA_HKD_006_P_A_SC_ENZ_SEA_000,2016-08-12,USA_EN_05_P_SportsFitness_LTG000_oo_oo_S_A#11,LONG25_3,enabled,71,961,7.39%,0.21,15.11
USA_HKD_006_P_A_SC_ENZ_SEA_000,2016-08-12,USA_EN_05_P_TravelTourism_LTG000_oo_oo_S_A#9,LONG25_1,enabled,26,1207,2.15%,0.53,13.79
USA_HKD_006_P_A_SC_ENZ_SEA_000,2016-08-12,USA_EN_05_P_TravelTourism_LTG000_oo_oo_S_A#9,LONG35_2,enabled,78,1418,5.50%,0.51,40.15
USA_HKD_006_P_A_SC_ENZ_SEA_000,2016-08-12,USA_EN_05_P_TravelTourism_LTG000_oo_oo_S_A#9,LONG35_3,enabled,224,3801,5.89%,0.41,91.56
USA_HKD_006_P_A_SC_ENZ_SEA_000,2016-08-12,USA_EN_05_P_Vehicles_LTG000_oo_oo_S_A#10,LONG25_1,enabled,14,679,2.06%,0.37,5.23
USA_HKD_006_P_A_SC_ENZ_SEA_000,2016-08-12,USA_EN_05_P_Vehicles_LTG000_oo_oo_S_A#10,LONG25_2,enabled,21,842,2.49%,0.38,7.98
USA_HKD_006_P_A_SC_ENZ_SEA_000,2016-08-12,USA_EN_05_P_Vehicles_LTG000_oo_oo_S_A#10,LONG35_3,enabled,62,1365,4.54%,0.44,27.30
USA_HKD_006_P_A_SC_ENZ_SEA_000,2016-08-12,USA_EN_06_P_TravelTourism_LTG000_oo_oo_S_A#9,LONG25_1,enabled,42,1507,2.79%,0.39,16.51
USA_HKD_006_P_A_SC_ENZ_SEA_000,2016-08-12,USA_EN_06_P_TravelTourism_LTG000_oo_oo_S_A#9,LONG25_3,enabled,59,2275,2.59%,0.44,25.74
USA_HKD_006_P_A_SC_ENZ_SEA_000,2016-08-12,USA_EN_06_P_TravelTourism_LTG000_oo_oo_S_A#9,LONG35_1,enabled,111,2339,4.75%,0.52,57.82
USA_HKD_006_P_A_SC_ENZ_SEA_000,2016-08-12,USA_EN_06_P_TravelTourism_LTG000_oo_oo_S_A#9,LONG35_2,enabled,102,2566,3.98%,0.51,52.22
USA_HKD_006_P_A_SC_ENZ_SEA_000,2016-08-12,USA_EN_06_P_Vehicles_LTG000_oo_oo_S_A#10,LONG25_2,enabled,24,739,3.25%,0.33,8.03
USA_HKD_006_P_A_SC_ENZ_SEA_000,2016-08-12,USA_EN_06_P_Vehicles_LTG000_oo_oo_S_A#10,LONG25_5,enabled,12,731,1.64%,0.42,5.09
USA_HKD_006_P_A_SC_ENZ_SEA_000,2016-08-12,USA_EN_06_P_Vehicles_LTG000_oo_oo_S_A#10,LONG35_1,enabled,43,892,4.82%,0.49,21.19
USA_HKD_006_P_A_SC_ENZ_SEA_000,2016-08-12,USA_EN_03_P_RealEstate_LTG000_oo_oo_S_A#11,LONG25_1,enabled,29,1069,2.71%,0.28,8.26
USA_HKD_006_P_A_SC_ENZ_SEA_000,2016-08-12,USA_EN_03_P_RealEstate_LTG000_oo_oo_S_A#11,LONG35_2,enabled,19,601,3.16%,0.37,6.98
USA_HKD_006_P_A_SC_ENZ_SEA_000,2016-08-12,USA_EN_03_P_RetailersGeneralMerchandise_LTG000_oo_oo_S_A#8,LONG35_1,enabled,39,630,6.19%,0.29,11.49
USA_HKD_006_P_A_SC_ENZ_SEA_000,2016-08-12,USA_EN_03_P_TravelTourism_LTG000_oo_oo_S_A#9,LONG25_3,enabled,35,2083,1.68%,0.52,18.13
USA_HKD_006_P_A_SC_ENZ_SEA_000,2016-08-12,USA_EN_03_P_Vehicles_LTG000_oo_oo_S_A#10,LONG25_1,enabled,29,1053,2.75%,0.41,11.75
USA_HKD_006_P_A_SC_ENZ_SEA_000,2016-08-12,USA_EN_03_P_Vehicles_LTG000_oo_oo_S_A#10,LONG25_5,enabled,36,1425,2.53%,0.45,16.11
USA_HKD_006_P_A_SC_ENZ_SEA_000,2016-08-12,USA_EN_03_P_Vehicles_LTG000_oo_oo_S_A#10,LONG35_1,enabled,61,1553,3.93%,0.49,29.74
USA_HKD_006_P_A_SC_ENZ_SEA_000,2016-08-12,USA_EN_03_P_BeautyPersonalCare_LTG000_oo_oo_S_A#11,LONG35_2,enabled,2,41,4.88%,0.59,1.18
USA_HKD_006_P_A_SC_ENZ_SEA_000,2016-08-12,USA_EN_03_P_BusinessIndustrial_LTG000_oo_oo_S_A#1,LONG35_1,enabled,137,3533,3.88%,0.40,55.32
USA_HKD_006_P_A_SC_ENZ_SEA_000,2016-08-12,USA_EN_03_P_BusinessIndustrial_LTG000_oo_oo_S_A#1,LONG35_4,enabled,220,3170,6.94%,0.34,75.75
USA_HKD_006_P_A_SC_ENZ_SEA_000,2016-08-12,USA_EN_03_P_BusinessIndustrial_LTG000_oo_oo_S_A#1,LONG35_5,enabled,15,319,4.70%,0.45,6.82
USA_HKD_006_P_A_SC_ENZ_SEA_000,2016-08-12,USA_EN_03_P_FoodGroceries_LTG000_oo_oo_S_A#11,LONG35_1,enabled,118,3050,3.87%,0.38,45.29
USA_HKD_006_P_A_SC_ENZ_SEA_000,2016-08-12,USA_EN_03_P_Health_LTG000_oo_oo_S_A#3,LONG35_3,enabled,41,1058,3.88%,0.54,22.30
USA_HKD_006_P_A_SC_ENZ_SEA_000,2016-08-12,USA_EN_03_P_HobbiesLeisure_LTG000_oo_oo_S_A#4,LONG35_1,enabled,208,6814,3.05%,0.54,112.40
USA_HKD_006_P_A_SC_ENZ_SEA_000,2016-08-12,USA_EN_03_P_HobbiesLeisure_LTG000_oo_oo_S_A#4,LONG35_4,enabled,70,1987,3.52%,0.51,35.39
USA_HKD_006_P_A_SC_ENZ_SEA_000,2016-08-12,USA_EN_03_P_HomeGarden_LTG000_oo_oo_S_A#5,LONG35_2,enabled,241,2562,9.41%,0.40,96.71
USA_HKD_006_P_A_SC_ENZ_SEA_000,2016-08-12,USA_EN_03_P_HomeGarden_LTG000_oo_oo_S_A#5,LONG35_3,enabled,127,2738,4.64%,0.51,64.70
USA_HKD_006_P_A_SC_ENZ_SEA_000,2016-08-12,USA_EN_03_P_HomeGarden_LTG000_oo_oo_S_A#5,LONG35_4,enabled,21,450,4.67%,0.55,11.60
USA_HKD_006_P_A_SC_ENZ_SEA_000,2016-08-12,USA_EN_03_P_JobsEducation_LTG000_oo_oo_S_A#6,LONG35_2,enabled,21,533,3.94%,0.48,10.04
USA_HKD_006_P_A_SC_ENZ_SEA_000,2016-08-12,USA_EN_04_P_Apparel_LTG000_oo_oo_S_A#11,LONG25_3,enabled,4,290,1.38%,0.18,0.72
USA_HKD_006_P_A_SC_ENZ_SEA_000,2016-08-12,USA_EN_04_P_Apparel_LTG000_oo_oo_S_A#11,LONG25_4,enabled,6,178,3.37%,0.34,2.06
USA_HKD_006_P_A_SC_ENZ_SEA_000,2016-08-12,USA_EN_04_P_Apparel_LTG000_oo_oo_S_A#11,LONG35_1,enabled,65,733,8.87%,0.28,18.36
USA_HKD_006_P_A_SC_ENZ_SEA_000,2016-08-12,USA_EN_04_P_BeautyPersonalCare_LTG000_oo_oo_S_A#11,LONG25_2,enabled,3,226,1.33%,0.47,1.42
USA_HKD_006_P_A_SC_ENZ_SEA_000,2016-08-12,USA_EN_04_P_BeautyPersonalCare_LTG000_oo_oo_S_A#11,LONG35_1,enabled,44,1168,3.77%,0.45,20.00
USA_HKD_006_P_A_SC_ENZ_SEA_000,2016-08-12,USA_EN_04_P_BusinessIndustrial_LTG000_oo_oo_S_A#1,LONG25_3,enabled,21,1303,1.61%,0.44,9.22
USA_HKD_006_P_A_SC_ENZ_SEA_000,2016-08-12,USA_EN_04_P_BusinessIndustrial_LTG000_oo_oo_S_A#1,LONG25_6,enabled,29,1121,2.59%,0.40,11.72
USA_HKD_006_P_A_SC_ENZ_SEA_000,2016-08-12,USA_EN_04_P_BusinessIndustrial_LTG000_oo_oo_S_A#1,LONG25_8,enabled,37,1157,3.20%,0.39,14.45
USA_HKD_006_P_A_SC_ENZ_SEA_000,2016-08-12,USA_EN_04_P_BusinessIndustrial_LTG000_oo_oo_S_A#1,LONG25_9,enabled,28,1080,2.59%,0.40,11.29
USA_HKD_006_P_A_SC_ENZ_SEA_000,2016-08-12,USA_EN_04_P_BusinessIndustrial_LTG000_oo_oo_S_A#1,LONG35_2,enabled,166,3287,5.05%,0.40,66.30
USA_HKD_006_P_A_SC_ENZ_SEA_000,2016-08-12,USA_EN_04_P_BusinessIndustrial_LTG000_oo_oo_S_A#1,LONG35_4,enabled,174,3232,5.38%,0.33,57.98
USA_HKD_006_P_A_SC_ENZ_SEA_000,2016-08-12,USA_EN_04_P_BusinessIndustrial_LTG000_oo_oo_S_A#1,LONG35_5,enabled,13,447,2.91%,0.39,5.04
USA_HKD_006_P_A_SC_ENZ_SEA_000,2016-08-12,USA_EN_04_P_ComputersConsumerElectronics_LTG000_oo_oo_S_A#11,LONG25_5,enabled,5,350,1.43%,0.32,1.60
USA_HKD_006_P_A_SC_ENZ_SEA_000,2016-08-12,USA_EN_04_P_ComputersConsumerElectronics_LTG000_oo_oo_S_A#11,LONG35_2,enabled,37,1372,2.70%,0.40,14.76
USA_HKD_006_P_A_SC_ENZ_SEA_000,2016-08-12,USA_EN_04_P_DiningNightlife_LTG000_oo_oo_S_A#11,LONG25_1,enabled,16,701,2.28%,0.26,4.15
USA_HKD_006_P_A_SC_ENZ_SEA_000,2016-08-12,USA_EN_04_P_DiningNightlife_LTG000_oo_oo_S_A#11,LONG35_1,enabled,586,5345,10.96%,0.31,181.19
USA_HKD_006_P_A_SC_ENZ_SEA_000,2016-08-12,USA_EN_04_P_FamilyCommunity_LTG000_oo_oo_S_A#11,LONG25_1,enabled,31,1281,2.42%,0.24,7.34
USA_HKD_006_P_A_SC_ENZ_SEA_000,2016-08-12,USA_EN_04_P_FamilyCommunity_LTG000_oo_oo_S_A#11,LONG25_2,enabled,8,514,1.56%,0.28,2.21
USA_HKD_006_P_A_SC_ENZ_SEA_000,2016-08-12,USA_EN_04_P_Health_LTG000_oo_oo_S_A#3,LONG25_4,enabled,34,973,3.49%,0.40,13.75
USA_HKD_006_P_A_SC_ENZ_SEA_000,2016-08-12,USA_EN_04_P_Health_LTG000_oo_oo_S_A#3,LONG35_2,enabled,1514,21864,6.92%,0.48,729.06
USA_HKD_006_P_A_SC_ENZ_SEA_000,2016-08-12,USA_EN_04_P_HobbiesLeisure_LTG000_oo_oo_S_A#4,LONG25_1,enabled,118,4421,2.67%,0.38,45.19
USA_HKD_006_P_A_SC_ENZ_SEA_000,2016-08-12,USA_EN_04_P_HobbiesLeisure_LTG000_oo_oo_S_A#4,LONG25_2,enabled,52,2464,2.11%,0.46,23.67
USA_HKD_006_P_A_SC_ENZ_SEA_000,2016-08-12,USA_EN_04_P_HobbiesLeisure_LTG000_oo_oo_S_A#4,LONG25_6,enabled,73,3900,1.87%,0.43,31.44
USA_HKD_006_P_A_SC_ENZ_SEA_000,2016-08-12,USA_EN_04_P_HobbiesLeisure_LTG000_oo_oo_S_A#4,LONG25_8,enabled,7,520,1.35%,0.48,3.38
USA_HKD_006_P_A_SC_ENZ_SEA_000,2016-08-12,USA_EN_04_P_HobbiesLeisure_LTG000_oo_oo_S_A#4,LONG35_2,enabled,1293,16973,7.62%,0.38,490.23
USA_HKD_006_P_A_SC_ENZ_SEA_000,2016-08-12,USA_EN_04_P_HobbiesLeisure_LTG000_oo_oo_S_A#4,LONG35_4,enabled,119,3453,3.45%,0.39,46.05
USA_HKD_006_P_A_SC_ENZ_SEA_000,2016-08-12,USA_EN_04_P_HomeGarden_LTG000_oo_oo_S_A#5,LONG25_1,enabled,7,407,1.72%,0.45,3.18
USA_HKD_006_P_A_SC_ENZ_SEA_000,2016-08-12,USA_EN_04_P_HomeGarden_LTG000_oo_oo_S_A#5,LONG25_2,enabled,12,453,2.65%,0.44,5.23
USA_HKD_006_P_A_SC_ENZ_SEA_000,2016-08-12,USA_EN_04_P_HomeGarden_LTG000_oo_oo_S_A#5,LONG35_1,enabled,42,1123,3.74%,0.63,26.33
USA_HKD_006_P_A_SC_ENZ_SEA_000,2016-08-12,USA_EN_04_P_HomeGarden_LTG000_oo_oo_S_A#5,LONG35_3,enabled,278,3764,7.39%,0.56,156.61
USA_HKD_006_P_A_SC_ENZ_SEA_000,2016-08-12,USA_EN_04_P_JobsEducation_LTG000_oo_oo_S_A#6,LONG35_2,enabled,36,1155,3.12%,0.48,17.13
USA_HKD_006_P_A_SC_ENZ_SEA_000,2016-08-12,USA_EN_04_P_LawGovernment_LTG000_oo_oo_S_A#11,LONG35_1,enabled,420,8473,4.96%,0.38,159.75
USA_HKD_006_P_A_SC_ENZ_SEA_000,2016-08-12,USA_EN_04_P_OccasionsGifts_LTG000_oo_oo_S_A#11,LONG25_1,enabled,27,858,3.15%,0.30,8.06
USA_HKD_006_P_A_SC_ENZ_SEA_000,2016-08-12,USA_EN_04_P_RealEstate_LTG000_oo_oo_S_A#11,LONG35_1,enabled,23,585,3.93%,0.38,8.78
USA_HKD_006_P_A_SC_ENZ_SEA_000,2016-08-12,USA_EN_04_P_RealEstate_LTG000_oo_oo_S_A#11,LONG35_2,enabled,13,399,3.26%,0.32,4.11
USA_HKD_006_P_A_SC_ENZ_SEA_000,2016-08-12,USA_EN_04_P_RetailersGeneralMerchandise_LTG000_oo_oo_S_A#8,LONG25_1,enabled,46,1172,3.92%,0.27,12.64
USA_HKD_006_P_A_SC_ENZ_SEA_000,2016-08-12,USA_EN_04_P_RetailersGeneralMerchandise_LTG000_oo_oo_S_A#8,LONG35_1,enabled,87,1584,5.49%,0.24,21.16
USA_HKD_006_P_A_SC_ENZ_SEA_000,2016-08-12,USA_EN_04_P_SportsFitness_LTG000_oo_oo_S_A#11,LONG25_1,enabled,16,613,2.61%,0.26,4.13
USA_HKD_006_P_A_SC_ENZ_SEA_000,2016-08-12,USA_EN_04_P_SportsFitness_LTG000_oo_oo_S_A#11,LONG25_3,enabled,24,712,3.37%,0.28,6.82
USA_HKD_006_P_A_SC_ENZ_SEA_000,2016-08-12,USA_EN_04_P_SportsFitness_LTG000_oo_oo_S_A#11,LONG25_4,enabled,7,310,2.26%,0.25,1.76
USA_HKD_006_P_A_SC_ENZ_SEA_000,2016-08-12,USA_EN_04_P_TravelTourism_LTG000_oo_oo_S_A#9,LONG35_1,enabled,149,2622,5.68%,0.46,68.56
USA_HKD_006_P_A_SC_ENZ_SEA_000,2016-08-12,USA_EN_04_P_Vehicles_LTG000_oo_oo_S_A#10,LONG25_1,enabled,26,990,2.63%,0.40,10.32
USA_HKD_006_P_A_SC_ENZ_SEA_000,2016-08-12,USA_EN_04_P_Vehicles_LTG000_oo_oo_S_A#10,LONG25_2,enabled,18,837,2.15%,0.38,6.79
USA_HKD_006_P_A_SC_ENZ_SEA_000,2016-08-12,USA_EN_04_P_Vehicles_LTG000_oo_oo_S_A#10,LONG25_4,enabled,21,1031,2.04%,0.37,7.79
USA_HKD_006_P_A_SC_ENZ_SEA_000,2016-08-12,USA_EN_05_P_Apparel_LTG000_oo_oo_S_A#11,LONG25_1,enabled,1,122,0.82%,0.69,0.69
USA_HKD_006_P_A_SC_ENZ_SEA_000,2016-08-12,USA_EN_05_P_Apparel_LTG000_oo_oo_S_A#11,LONG25_2,enabled,4,200,2.00%,0.26,1.03
USA_HKD_006_P_A_SC_ENZ_SEA_000,2016-08-12,USA_EN_05_P_Apparel_LTG000_oo_oo_S_A#11,LONG25_5,enabled,5,137,3.65%,0.33,1.64
USA_HKD_006_P_A_SC_ENZ_SEA_000,2016-08-12,USA_EN_05_P_Apparel_LTG000_oo_oo_S_A#11,LONG35_2,enabled,12,381,3.15%,0.41,4.91
USA_HKD_006_P_A_SC_ENZ_SEA_000,2016-08-12,USA_EN_05_P_Apparel_LTG000_oo_oo_S_A#11,LONG35_4,enabled,1,102,0.98%,0.32,0.32
USA_HKD_006_P_A_SC_ENZ_SEA_000,2016-08-12,USA_EN_05_P_BeautyPersonalCare_LTG000_oo_oo_S_A#11,LONG35_1,enabled,40,847,4.72%,0.39,15.65
USA_HKD_006_P_A_SC_ENZ_SEA_000,2016-08-12,USA_EN_05_P_BeautyPersonalCare_LTG000_oo_oo_S_A#11,LONG35_2,enabled,2,37,5.41%,0.25,0.50
USA_HKD_006_P_A_SC_ENZ_SEA_000,2016-08-12,USA_EN_05_P_BusinessIndustrial_LTG000_oo_oo_S_A#1,LONG25_4,enabled,32,1179,2.71%,0.41,13.18
USA_HKD_006_P_A_SC_ENZ_SEA_000,2016-08-12,USA_EN_05_P_BusinessIndustrial_LTG000_oo_oo_S_A#1,LONG25_5,enabled,33,1338,2.47%,0.41,13.53
USA_HKD_006_P_A_SC_ENZ_SEA_000,2016-08-12,USA_EN_05_P_BusinessIndustrial_LTG000_oo_oo_S_A#1,LONG25_9,enabled,9,800,1.12%,0.39,3.54
USA_HKD_006_P_A_SC_ENZ_SEA_000,2016-08-12,USA_EN_05_P_BusinessIndustrial_LTG000_oo_oo_S_A#1,LONG25_10,enabled,8,433,1.85%,0.43,3.46
USA_HKD_006_P_A_SC_ENZ_SEA_000,2016-08-12,USA_EN_05_P_BusinessIndustrial_LTG000_oo_oo_S_A#1,LONG35_1,enabled,78,2046,3.81%,0.45,34.80
USA_HKD_006_P_A_SC_ENZ_SEA_000,2016-08-12,USA_EN_05_P_BusinessIndustrial_LTG000_oo_oo_S_A#1,LONG35_3,enabled,106,1867,5.68%,0.38,40.24
USA_HKD_006_P_A_SC_ENZ_SEA_000,2016-08-12,USA_EN_05_P_ComputersConsumerElectronics_LTG000_oo_oo_S_A#11,LONG25_1,enabled,5,432,1.16%,0.38,1.88
USA_HKD_006_P_A_SC_ENZ_SEA_000,2016-08-12,USA_EN_05_P_ComputersConsumerElectronics_LTG000_oo_oo_S_A#11,LONG25_2,enabled,8,453,1.77%,0.36,2.90
USA_HKD_006_P_A_SC_ENZ_SEA_000,2016-08-12,USA_EN_05_P_ComputersConsumerElectronics_LTG000_oo_oo_S_A#11,LONG25_3,enabled,4,259,1.54%,0.28,1.13
USA_HKD_006_P_A_SC_ENZ_SEA_000,2016-08-12,USA_EN_05_P_FamilyCommunity_LTG000_oo_oo_S_A#11,LONG25_2,enabled,8,366,2.19%,0.16,1.30
USA_HKD_006_P_A_SC_ENZ_SEA_000,2016-08-12,USA_EN_05_P_Finance_LTG000_oo_oo_S_A#2,LONG35_1,enabled,393,4707,8.35%,0.44,174.42
USA_HKD_006_P_A_SC_ENZ_SEA_000,2016-08-12,USA_EN_05_P_Health_LTG000_oo_oo_S_A#3,LONG25_1,enabled,59,2030,2.91%,0.42,24.74
USA_HKD_006_P_A_SC_ENZ_SEA_000,2016-08-12,USA_EN_05_P_Health_LTG000_oo_oo_S_A#3,LONG25_2,enabled,78,2673,2.92%,0.38,29.69
USA_HKD_006_P_A_SC_ENZ_SEA_000,2016-08-12,USA_EN_05_P_Health_LTG000_oo_oo_S_A#3,LONG25_4,enabled,7,361,1.94%,0.60,4.17
USA_HKD_006_P_A_SC_ENZ_SEA_000,2016-08-12,USA_EN_05_P_Health_LTG000_oo_oo_S_A#3,LONG35_1,enabled,1366,20861,6.55%,0.54,733.78
USA_HKD_006_P_A_SC_ENZ_SEA_000,2016-08-12,USA_EN_05_P_Health_LTG000_oo_oo_S_A#3,LONG35_2,enabled,1327,17191,7.72%,0.47,625.65
USA_HKD_006_P_A_SC_ENZ_SEA_000,2016-08-12,USA_EN_05_P_Health_LTG000_oo_oo_S_A#3,LONG35_3,enabled,44,1028,4.28%,0.53,23.14
USA_HKD_006_P_A_SC_ENZ_SEA_000,2016-08-12,USA_EN_05_P_HobbiesLeisure_LTG000_oo_oo_S_A#4,LONG25_3,enabled,35,1557,2.25%,0.39,13.69
USA_HKD_006_P_A_SC_ENZ_SEA_000,2016-08-12,USA_EN_05_P_HobbiesLeisure_LTG000_oo_oo_S_A#4,LONG25_4,enabled,51,1903,2.68%,0.35,17.81
USA_HKD_006_P_A_SC_ENZ_SEA_000,2016-08-12,USA_EN_05_P_HobbiesLeisure_LTG000_oo_oo_S_A#4,LONG35_4,enabled,81,2158,3.75%,0.67,54.41
USA_HKD_006_P_A_SC_ENZ_SEA_000,2016-08-12,USA_EN_05_P_HomeGarden_LTG000_oo_oo_S_A#5,LONG25_1,enabled,12,524,2.29%,0.50,6.02
USA_HKD_006_P_A_SC_ENZ_SEA_000,2016-08-12,USA_EN_05_P_HomeGarden_LTG000_oo_oo_S_A#5,LONG25_3,enabled,121,963,12.56%,0.26,31.55
USA_HKD_006_P_A_SC_ENZ_SEA_000,2016-08-12,USA_EN_05_P_HomeGarden_LTG000_oo_oo_S_A#5,LONG25_4,enabled,15,832,1.80%,0.46,6.85
USA_HKD_006_P_A_SC_ENZ_SEA_000,2016-08-12,USA_EN_05_P_HomeGarden_LTG000_oo_oo_S_A#5,LONG35_3,enabled,85,2043,4.16%,0.52,44.31
USA_HKD_006_P_A_SC_ENZ_SEA_000,2016-08-12,USA_EN_05_P_InternetTelecom_LTG000_oo_oo_S_A#11,LONG25_1,enabled,28,741,3.78%,0.19,5.34
USA_HKD_006_P_A_SC_ENZ_SEA_000,2016-08-12,USA_EN_05_P_InternetTelecom_LTG000_oo_oo_S_A#11,LONG35_1,enabled,80,1477,5.42%,0.32,25.52
USA_HKD_006_P_A_SC_ENZ_SEA_000,2016-08-12,USA_EN_05_P_JobsEducation_LTG000_oo_oo_S_A#6,LONG25_1,enabled,29,854,3.40%,0.34,9.86
USA_HKD_006_P_A_SC_ENZ_SEA_000,2016-08-12,USA_EN_05_P_OccasionsGifts_LTG000_oo_oo_S_A#11,LONG25_1,enabled,6,485,1.24%,0.25,1.51
USA_HKD_006_P_A_SC_ENZ_SEA_000,2016-08-12,USA_EN_05_P_RealEstate_LTG000_oo_oo_S_A#11,LONG25_1,enabled,9,604,1.49%,0.27,2.45
USA_HKD_006_P_A_SC_ENZ_SEA_000,2016-08-12,USA_EN_05_P_RealEstate_LTG000_oo_oo_S_A#11,LONG25_2,enabled,19,712,2.67%,0.42,7.90
USA_HKD_006_P_A_SC_ENZ_SEA_000,2016-08-12,USA_EN_06_P_Apparel_LTG000_oo_oo_S_A#11,LONG25_5,enabled,7,188,3.72%,0.19,1.36
USA_HKD_006_P_A_SC_ENZ_SEA_000,2016-08-12,USA_EN_06_P_Apparel_LTG000_oo_oo_S_A#11,LONG25_6,enabled,1,166,0.60%,0.69,0.69
USA_HKD_006_P_A_SC_ENZ_SEA_000,2016-08-12,USA_EN_06_P_Apparel_LTG000_oo_oo_S_A#11,LONG25_8,enabled,5,204,2.45%,0.37,1.83
USA_HKD_006_P_A_SC_ENZ_SEA_000,2016-08-12,USA_EN_06_P_Apparel_LTG000_oo_oo_S_A#11,LONG35_4,enabled,3,102,2.94%,0.52,1.57
USA_HKD_006_P_A_SC_ENZ_SEA_000,2016-08-12,USA_EN_06_P_BusinessIndustrial_LTG000_oo_oo_S_A#1,LONG25_1,enabled,26,1145,2.27%,0.40,10.38
USA_HKD_006_P_A_SC_ENZ_SEA_000,2016-08-12,USA_EN_06_P_BusinessIndustrial_LTG000_oo_oo_S_A#1,LONG25_3,enabled,50,1801,2.78%,0.44,21.92
USA_HKD_006_P_A_SC_ENZ_SEA_000,2016-08-12,USA_EN_06_P_BusinessIndustrial_LTG000_oo_oo_S_A#1,LONG25_9,enabled,15,912,1.64%,0.42,6.26
USA_HKD_006_P_A_SC_ENZ_SEA_000,2016-08-12,USA_EN_06_P_BusinessIndustrial_LTG000_oo_oo_S_A#1,LONG35_2,enabled,121,2880,4.20%,0.43,52.30
USA_HKD_006_P_A_SC_ENZ_SEA_000,2016-08-12,USA_EN_06_P_ComputersConsumerElectronics_LTG000_oo_oo_S_A#11,LONG25_1,enabled,8,495,1.62%,0.22,1.75
USA_HKD_006_P_A_SC_ENZ_SEA_000,2016-08-12,USA_EN_06_P_ComputersConsumerElectronics_LTG000_oo_oo_S_A#11,LONG25_3,enabled,5,231,2.16%,0.25,1.26
USA_HKD_006_P_A_SC_ENZ_SEA_000,2016-08-12,USA_EN_06_P_ComputersConsumerElectronics_LTG000_oo_oo_S_A#11,LONG25_4,enabled,14,551,2.54%,0.31,4.29
USA_HKD_006_P_A_SC_ENZ_SEA_000,2016-08-12,USA_EN_06_P_ComputersConsumerElectronics_LTG000_oo_oo_S_A#11,LONG35_2,enabled,31,968,3.20%,0.46,14.15
USA_HKD_006_P_A_SC_ENZ_SEA_000,2016-08-12,USA_EN_06_P_DiningNightlife_LTG000_oo_oo_S_A#11,LONG35_1,enabled,251,3756,6.68%,0.34,86.18
USA_HKD_006_P_A_SC_ENZ_SEA_000,2016-08-12,USA_EN_06_P_FamilyCommunity_LTG000_oo_oo_S_A#11,LONG25_2,enabled,5,367,1.36%,0.22,1.09
USA_HKD_006_P_A_SC_ENZ_SEA_000,2016-08-12,USA_EN_06_P_Finance_LTG000_oo_oo_S_A#2,LONG35_1,enabled,391,5016,7.80%,0.45,177.04
USA_HKD_006_P_A_SC_ENZ_SEA_000,2016-08-12,USA_EN_06_P_Health_LTG000_oo_oo_S_A#3,LONG25_1,enabled,46,1761,2.61%,0.40,18.29
USA_HKD_006_P_A_SC_ENZ_SEA_000,2016-08-12,USA_EN_06_P_Health_LTG000_oo_oo_S_A#3,LONG35_2,enabled,1263,18322,6.89%,0.50,633.72
USA_HKD_006_P_A_SC_ENZ_SEA_000,2016-08-12,USA_EN_06_P_Health_LTG000_oo_oo_S_A#3,LONG35_3,enabled,130,1735,7.49%,0.45,58.94
USA_HKD_006_P_A_SC_ENZ_SEA_000,2016-08-12,USA_EN_06_P_HobbiesLeisure_LTG000_oo_oo_S_A#4,LONG25_2,enabled,58,2457,2.36%,0.42,24.39
USA_HKD_006_P_A_SC_ENZ_SEA_000,2016-08-12,USA_EN_06_P_HobbiesLeisure_LTG000_oo_oo_S_A#4,LONG25_3,enabled,40,1632,2.45%,0.46,18.26
USA_HKD_006_P_A_SC_ENZ_SEA_000,2016-08-12,USA_EN_06_P_HobbiesLeisure_LTG000_oo_oo_S_A#4,LONG25_4,enabled,46,1997,2.30%,0.43,19.73
USA_HKD_006_P_A_SC_ENZ_SEA_000,2016-08-12,USA_EN_06_P_HobbiesLeisure_LTG000_oo_oo_S_A#4,LONG35_1,enabled,260,8225,3.16%,0.51,132.04
USA_HKD_006_P_A_SC_ENZ_SEA_000,2016-08-12,USA_EN_06_P_HomeGarden_LTG000_oo_oo_S_A#5,LONG25_1,enabled,7,343,2.04%,0.47,3.26
USA_HKD_006_P_A_SC_ENZ_SEA_000,2016-08-12,USA_EN_06_P_HomeGarden_LTG000_oo_oo_S_A#5,LONG25_2,enabled,15,443,3.39%,0.44,6.59
USA_HKD_006_P_A_SC_ENZ_SEA_000,2016-08-12,USA_EN_06_P_HomeGarden_LTG000_oo_oo_S_A#5,LONG25_6,enabled,4,343,1.17%,0.52,2.10
USA_HKD_006_P_A_SC_ENZ_SEA_000,2016-08-12,USA_EN_06_P_InternetTelecom_LTG000_oo_oo_S_A#11,LONG25_2,enabled,5,99,5.05%,0.30,1.49
USA_HKD_006_P_A_SC_ENZ_SEA_000,2016-08-12,USA_EN_06_P_JobsEducation_LTG000_oo_oo_S_A#6,LONG25_1,enabled,29,973,2.98%,0.25,7.28
USA_HKD_006_P_A_SC_ENZ_SEA_000,2016-08-12,USA_EN_06_P_JobsEducation_LTG000_oo_oo_S_A#6,LONG35_1,enabled,249,4001,6.22%,0.37,91.44
USA_HKD_006_P_A_SC_ENZ_SEA_000,2016-08-12,USA_EN_06_P_JobsEducation_LTG000_oo_oo_S_A#6,LONG35_2,enabled,175,2548,6.87%,0.42,73.35
USA_HKD_006_P_A_SC_ENZ_SEA_000,2016-08-12,USA_EN_05_P_RetailersGeneralMerchandise_LTG000_oo_oo_S_A#8,LONG35_1,enabled,15,432,3.47%,0.23,3.42
USA_HKD_006_P_A_SC_ENZ_SEA_000,2016-08-12,USA_EN_05_P_SportsFitness_LTG000_oo_oo_S_A#11,LONG25_2,enabled,9,421,2.14%,0.29,2.62
USA_HKD_006_P_A_SC_ENZ_SEA_000,2016-08-12,USA_EN_05_P_SportsFitness_LTG000_oo_oo_S_A#11,LONG25_4,enabled,6,241,2.49%,0.39,2.35
USA_HKD_006_P_A_SC_ENZ_SEA_000,2016-08-12,USA_EN_05_P_TravelTourism_LTG000_oo_oo_S_A#9,LONG25_3,enabled,45,2050,2.20%,0.51,22.89
USA_HKD_006_P_A_SC_ENZ_SEA_000,2016-08-12,USA_EN_05_P_TravelTourism_LTG000_oo_oo_S_A#9,LONG35_1,enabled,120,2379,5.04%,0.47,56.51
USA_HKD_006_P_A_SC_ENZ_SEA_000,2016-08-12,USA_EN_05_P_Vehicles_LTG000_oo_oo_S_A#10,LONG25_3,enabled,19,791,2.40%,0.26,4.99
USA_HKD_006_P_A_SC_ENZ_SEA_000,2016-08-12,USA_EN_05_P_Vehicles_LTG000_oo_oo_S_A#10,LONG25_4,enabled,32,1287,2.49%,0.36,11.52
USA_HKD_006_P_A_SC_ENZ_SEA_000,2016-08-12,USA_EN_05_P_Vehicles_LTG000_oo_oo_S_A#10,LONG25_5,enabled,17,785,2.17%,0.47,7.93
USA_HKD_006_P_A_SC_ENZ_SEA_000,2016-08-12,USA_EN_05_P_Vehicles_LTG000_oo_oo_S_A#10,LONG35_1,enabled,69,1174,5.88%,0.36,24.60
USA_HKD_006_P_A_SC_ENZ_SEA_000,2016-08-12,USA_EN_06_P_RealEstate_LTG000_oo_oo_S_A#11,LONG25_2,enabled,5,171,2.92%,0.28,1.42
USA_HKD_006_P_A_SC_ENZ_SEA_000,2016-08-12,USA_EN_06_P_RealEstate_LTG000_oo_oo_S_A#11,LONG35_1,enabled,26,594,4.38%,0.31,8.06
USA_HKD_006_P_A_SC_ENZ_SEA_000,2016-08-12,USA_EN_06_P_RealEstate_LTG000_oo_oo_S_A#11,LONG35_2,enabled,31,642,4.83%,0.39,12.18
USA_HKD_006_P_A_SC_ENZ_SEA_000,2016-08-12,USA_EN_06_P_RealEstate_LTG000_oo_oo_S_A#11,LONG35_3,enabled,4,184,2.17%,0.30,1.18
USA_HKD_006_P_A_SC_ENZ_SEA_000,2016-08-12,USA_EN_06_P_RetailersGeneralMerchandise_LTG000_oo_oo_S_A#8,LONG35_1,enabled,77,1186,6.49%,0.33,25.65
USA_HKD_006_P_A_SC_ENZ_SEA_000,2016-08-12,USA_EN_06_P_SportsFitness_LTG000_oo_oo_S_A#11,LONG25_4,enabled,4,146,2.74%,0.30,1.19
USA_HKD_006_P_A_SC_ENZ_SEA_000,2016-08-12,USA_EN_06_P_SportsFitness_LTG000_oo_oo_S_A#11,LONG35_1,enabled,54,1389,3.89%,0.34,18.13
USA_HKD_006_P_A_SC_ENZ_SEA_000,2016-08-12,USA_EN_06_P_SportsFitness_LTG000_oo_oo_S_A#11,LONG35_2,enabled,49,876,5.59%,0.41,20.29
USA_HKD_006_P_A_SC_ENZ_SEA_000,2016-08-12,USA_EN_06_P_Vehicles_LTG000_oo_oo_S_A#10,LONG25_1,enabled,18,629,2.86%,0.32,5.76
USA_HKD_006_P_A_SC_ENZ_SEA_000,2016-08-12,USA_EN_06_P_Vehicles_LTG000_oo_oo_S_A#10,LONG25_4,enabled,27,1093,2.47%,0.32,8.76
USA_HKD_006_P_A_SC_ENZ_SEA_000,2016-08-12,USA_EN_06_P_Vehicles_LTG000_oo_oo_S_A#10,LONG35_2,enabled,70,1993,3.51%,0.51,35.48
USA_HKD_006_P_A_SC_ENZ_SEA_000,2016-08-12,USA_EN_06_P_Vehicles_LTG000_oo_oo_S_A#10,LONG35_3,enabled,60,1412,4.25%,0.39,23.65
Total, --, --, --, --,39455,794928,4.96%,0.43,"16,770.95"
